slug,location_name,intent_type,distance_km,travel_time_mins,meta_title,meta_desc,hero_headline,unique_perk,map_embed_url
"budget-stay-near-kochi-airport","Cochin International Airport (COK)","Transit / Layover","5.5 km","15 minutes","Budget Stay Near Kochi Airport | AC Dormitory | Cowboy Dorms","Looking for a budget AC stay near Cochin International Airport? Clean beds, 24/7 check-in, and reliable airport drop available at Cowboy Dorms.","Affordable & Clean AC Stay Near Kochi Airport","Perfect for transit passengers with 24/7 front desk check-in, secure luggage storage, and easy access to airport shuttles."
"budget-stay-near-tcs-ion-aluva","TCS iON Digital Zone, Aluva","Exam Center","7.5 km","15 minutes","Budget Stay Near TCS iON Digital Zone Aluva | Cowboy Dorms","Taking an exam at TCS iON? Stay in a quiet AC dorm just 15 mins away. Enjoy high-speed WiFi, reliable wake-up calls, and early check-out.","Quiet AC Stay Near TCS iON Exam Center","Enjoy a distraction-free environment for last-minute studying, reliable wake-up calls, and easily available morning auto-rickshaws to the exam hall."
"stay-near-rajagiri-hospital-aluva","Rajagiri Hospital, Chunangamvely","Medical Bystander","9.5 km","20 minutes","Stay Near Rajagiri Hospital Aluva | Budget Accommodations","Need affordable accommodation near Rajagiri Hospital? Clean, hygienic beds with peaceful surroundings for patient relatives and bystanders.","Comfortable & Budget Stay Near Rajagiri Hospital","We offer a peaceful atmosphere, clean hygienic beds, and flexible check-in times to support medical bystanders and relatives on a budget."
"stay-near-aluva-metro-station","Aluva Metro Station","Transit / Backpacking","7.0 km","15 minutes","Budget Hostel Near Aluva Metro Station | Cowboy Dorms","Explore Kochi on a budget. Cowboy Dorms offers premium AC beds just 15 minutes from Aluva Metro Station. Connect to the entire city easily!","Premium AC Dorm Near Aluva Metro Station","Use the metro to travel across Ernakulam cheaply, then return to a safe, air-conditioned bed with personal charging ports and fast Wi-Fi."
"hostel-near-aluva-railway-station","Aluva Railway Station","Transit / Backpacking","6.5 km","14 minutes","Budget Hostel Near Aluva Railway Station | Cowboy Dorms","Arriving at Aluva by train? Our highly-rated AC dorms are just a short auto ride away. 24/7 front desk and hot showers available.","Clean & Safe Hostel Near Aluva Railway Station","Perfect for train travelers. Arrive, grab an auto, and check in any time of day to wash up, sleep in an AC room, and continue your journey."
"stay-near-cial-exhibition-centre","CIAL Trade Fair & Exhibition Centre","Corporate / Event","6.0 km","15 minutes","Budget Stay Near CIAL Exhibition Centre Kochi","Attending an event at CIAL Trade Fair Centre? Save your corporate per diem by booking our premium AC dorms located just 15 mins away.","Budget AC Stay Near CIAL Convention Centre","Ideal for event organizers, stall staff, and corporate attendees looking to cut costs without sacrificing air-conditioning or a good night's sleep."
"stay-near-little-flower-hospital-angamaly","Little Flower Hospital, Angamaly","Medical Bystander","10.0 km","20 minutes","Stay Near Little Flower Hospital Angamaly | Cowboy Dorms","Affordable short-term and long-term beds for medical bystanders and relatives visiting Little Flower Hospital in Angamaly.","Affordable Stay Near Little Flower Hospital","We provide compassionate, flexible booking options for relatives of patients, offering a budget-friendly alternative to expensive hospital guest houses."
"stay-near-apollo-adlux-hospital","Apollo Adlux Hospital, Karukutty","Medical Bystander","15.0 km","30 minutes","Budget Stay Near Apollo Adlux Hospital | Cowboy Dorms","Searching for budget rooms near Apollo Adlux? Cowboy dorms provides clean, premium AC beds at a fraction of hotel costs.","Clean AC Dorms Near Apollo Adlux Hospital","Offering flexible durations and very affordable rates for support staff and relatives who need a comfortable rest area close to the hospital."
"budget-stay-near-adi-shankara-kalady","Adi Shankara Institute (ASIET), Kalady","Student / Academic","11.0 km","22 minutes","Budget Stay Near Adi Shankara College Kalady | Cowboy Dorms","Visiting ASIET Kalady for admissions or exams? Book a cheap, distraction-free AC dorm bed just a short drive from the campus.","Affordable AC Stay Near Adi Shankara Institute","Perfect for visiting students, parents, and researchers. Take advantage of high-speed Wi-Fi, secure lockers, and a quiet, air-conditioned environment."
"sabarimala-transit-stay-aluva","Aluva (Sabarimala Transit Route)","Pilgrimage Transit","7.0 km","15 minutes","Sabarimala Transit Stay in Aluva | Budget AC Dorms","Need a quick, clean place to rest and bathe before heading to Pamba? Cowboy Dorms offers affordable transit stays for Sabarimala pilgrims in Aluva.","Clean Transit Accommodations for Sabarimala Pilgrims","We offer clean washrooms, flexible hourly and daily rates, and a comfortable AC rest stop for devotees arriving in Ernakulam before traveling to Pamba."
